{"cameraMode":{"drawMode":0,"name":"Shaded","section":"Shading Mode"},"sceneLighting":true,"audioPlay":false,"sceneViewState":{"showFog":true,"showMaterialUpdate":false,"showSkybox":true,"showFlares":true,"showImageEffects":true,"showParticleSystems":true},"in2DMode":false,"pivot":{"x":-1.5728015899658204,"y":1.7463665008544922,"z":4.188320159912109},"rotation":{"x":-0.2364044338464737,"y":0.5493453145027161,"z":-0.16561397910118104,"w":-0.7841589450836182},"size":18.282888412475587,"orthographic":false}